{"loss": [0.6969423294067383, 0.6891117691993713, 0.6627160310745239, 0.52165287733078, 0.4269494414329529, 0.3567815124988556, 0.32471004128456116, 0.2417144626379013, 0.20298101007938385, 0.1730707585811615, 0.1671452522277832, 0.14066366851329803, 0.14908212423324585, 0.17374444007873535, 0.09561831504106522, 0.09450139850378036, 0.09488545358181, 0.08647327125072479, 0.11945320665836334, 0.07935355603694916, 0.036013875156641006, 0.06861429661512375, 0.04799693822860718, 0.09192162752151489, 0.04846590757369995], "accuracy": [0.5222222208976746, 0.5305555462837219, 0.5958333611488342, 0.7562500238418579, 0.8152777552604675, 0.8583333492279053, 0.8826388716697693, 0.9111111164093018, 0.925694465637207, 0.9409722089767456, 0.9444444179534912, 0.9527778029441833, 0.9534721970558167, 0.9430555701255798, 0.9708333611488342, 0.9673610925674438, 0.9638888835906982, 0.9729166626930237, 0.9590277671813965, 0.9743055701255798, 0.9909722208976746, 0.9791666865348816, 0.9840278029441833, 0.9666666388511658, 0.9861111044883728], "val_loss": [0.6925766468048096, 0.6680679321289062, 0.5906793475151062, 0.46296170353889465, 0.3943417966365814, 0.8444716334342957, 0.5797685980796814, 0.6181642413139343, 0.38578301668167114, 0.32287880778312683, 0.729237973690033, 0.4274204671382904, 0.30391407012939453, 0.39313316345214844, 0.24711288511753082, 0.27437126636505127, 0.38371556997299194, 0.2559397518634796, 0.22100985050201416, 0.26086992025375366, 0.30035439133644104, 0.3104429841041565, 0.27407127618789673, 0.24546979367733002, 0.2792576849460602], "val_accuracy": [0.5027777552604675, 0.6638888716697693, 0.7083333134651184, 0.7944444417953491, 0.824999988079071, 0.6888889074325562, 0.7888888716697693, 0.800000011920929, 0.8666666746139526, 0.8999999761581421, 0.7749999761581421, 0.8722222447395325, 0.9027777910232544, 0.8694444298744202, 0.9416666626930237, 0.9333333373069763, 0.9222221970558167, 0.9388889074325562, 0.9361110925674438, 0.9222221970558167, 0.9222221970558167, 0.9055555462837219, 0.9138888716697693, 0.9222221970558167, 0.925000011920929], "lr": [0.009999999776482582, 0.009999999776482582, 0.009999999776482582, 0.009999999776482582, 0.009999999776482582, 0.009999999776482582, 0.009999999776482582, 0.009999999776482582, 0.009999999776482582, 0.009999999776482582, 0.009999999776482582, 0.009999999776482582, 0.009999999776482582, 0.009999999776482582, 0.009999999776482582, 0.009999999776482582, 0.009999999776482582, 0.009999999776482582, 0.009999999776482582, 0.009999999776482582, 0.009999999776482582, 0.009999999776482582, 0.009999999776482582, 0.009999999776482582, 0.006000000052154064]}